task_id,models,single_success_rate_mean,react_success_rate_mean,tot_success_rate_mean,tot_minus_react_mean,tot_minus_single_mean,tot_wins_over_react,tot_losses_vs_react
digit-permutation-demo,3,0.15333333333333335,0.9066666666666666,0.62,-0.2866666666666667,0.4666666666666667,0,3
game24-demo,3,0.14,0.16666666666666669,0.74,0.5733333333333334,0.6,3,0
linear2-demo,3,0.17333333333333334,0.9333333333333333,0.3466666666666667,-0.5866666666666667,0.17333333333333334,0,3
subset-sum-demo,3,0.44666666666666666,0.7133333333333334,0.74,0.02666666666666667,0.29333333333333333,1,2
